instance_id,question,group_x,group_y,n,m,excluded_x,excluded_y,size_ratio,x_counts,y_counts,instance_source,simulation_model,shape,rate,ks_stat,empirical_q95,gamma_q95,q95_error,tail_error,zero_fraction,n_train,n_test,status
ry14__RY25_PreMay10__vs__RY25_PostMay10,ry14,RY25_PreMay10,RY25_PostMay10,114770,71063,0,0,1.6150458044270577,"[5251, 19046, 41574, 48899]","[3184, 11542, 26784, 29553]",observed_survey_counts,observed_response_as_latent_type_PROXY,3.613668866682674,22462.248115657043,0.029894465139496895,0.0003051429523411232,0.0003204791945166566,0.050259204932869644,0.013258566492719684,0.0,7000,3000,evaluated_proxy
ry11__RY_24__vs__RY25_PreMay10,ry11,RY_24,RY25_PreMay10,149387,114770,0,0,1.3016206325694868,"[29006, 54419, 40144, 25818]","[21071, 42268, 31610, 19821]",observed_survey_counts,observed_response_as_latent_type_PROXY,5.571004161661113,29785.615315258405,0.020914537378630138,0.0003216289361354219,0.0003335162016013988,0.036959564673533396,0.011631464706316923,0.0,7000,3000,evaluated_proxy
ry11__RY25_PreMay10__vs__RY25_PostMay10,ry11,RY25_PreMay10,RY25_PostMay10,114770,71063,0,0,1.6150458044270577,"[21071, 42268, 31610, 19821]","[12404, 25278, 20780, 12601]",observed_survey_counts,observed_response_as_latent_type_PROXY,8.163026585762681,21579.867836078174,0.016565853051595136,0.0006082730091976603,0.0006190522090410661,0.017720989885157006,0.006403278412629193,0.0,7000,3000,evaluated_proxy
ry14__RY_24__vs__RY25_PostMay10,ry14,RY_24,RY25_PostMay10,149387,71063,0,0,2.1021769415870426,"[8027, 25986, 53903, 61471]","[3184, 11542, 26784, 29553]",observed_survey_counts,observed_response_as_latent_type_PROXY,22.821582867480668,23082.832507931467,0.01595525884671356,0.0013302956075160214,0.0013518951034081064,0.01623661370454072,0.009431100050827347,0.0,7000,3000,evaluated_proxy
ry10__RY25_PreMay10__vs__RY25_PostMay10,ry10,RY25_PreMay10,RY25_PostMay10,114770,71063,0,0,1.6150458044270577,"[4706, 23897, 44819, 41348]","[2437, 14094, 28537, 25995]",observed_survey_counts,observed_response_as_latent_type_PROXY,12.890506195391884,22516.715686672716,0.039207663739719345,0.0008452857780353245,0.0008574873675205044,0.01443486901381409,0.006370538208534393,0.0,7000,3000,evaluated_proxy
ry13__RY25_PreMay10__vs__RY25_PostMay10,ry13,RY25_PreMay10,RY25_PostMay10,114770,71063,0,0,1.6150458044270577,"[1944, 8193, 23078, 81555]","[1008, 4366, 14089, 51600]",observed_survey_counts,observed_response_as_latent_type_PROXY,15.071246226900657,21723.039559693323,0.018049068677657376,0.0010024841869657327,0.0010115053910762042,0.008998849286367691,0.004203092046221671,0.0,7000,3000,evaluated_proxy
ry10__RY_24__vs__RY25_PostMay10,ry10,RY_24,RY25_PostMay10,149387,71063,0,0,2.1021769415870426,"[7109, 32813, 57916, 51549]","[2437, 14094, 28537, 25995]",observed_survey_counts,observed_response_as_latent_type_PROXY,62.72465547160295,23840.192617819772,0.018346215119872833,0.0031818272472322407,0.0032002673188015686,0.005795434552698705,0.005242405747892795,0.0,7000,3000,evaluated_proxy
ry13__RY_24__vs__RY25_PreMay10,ry13,RY_24,RY25_PreMay10,149387,114770,0,0,1.3016206325694868,"[3021, 11693, 31553, 103120]","[1944, 8193, 23078, 81555]",observed_survey_counts,observed_response_as_latent_type_PROXY,28.45176721606852,32752.027250594605,0.025026963712242722,0.0011579964240404,0.0011527889479561052,0.0044969707817621475,0.0026713212184237625,0.0,7000,3000,evaluated_proxy
ry10__RY_24__vs__RY25_PreMay10,ry10,RY_24,RY25_PreMay10,149387,114770,0,0,1.3016206325694868,"[7109, 32813, 57916, 51549]","[4706, 23897, 44819, 41348]",observed_survey_counts,observed_response_as_latent_type_PROXY,27.296122895148834,32767.32690688878,0.014262692192300919,0.0011070508974440065,0.001111463528910182,0.003985933687749548,0.002405949058540427,0.0,7000,3000,evaluated_proxy
ry11__RY_24__vs__RY25_PostMay10,ry11,RY_24,RY25_PostMay10,149387,71063,0,0,2.1021769415870426,"[29006, 54419, 40144, 25818]","[12404, 25278, 20780, 12601]",observed_survey_counts,observed_response_as_latent_type_PROXY,21.631697196005483,23132.67793598743,0.019365296788479203,0.0012906770468365087,0.0012885197885039409,0.001671416050866738,0.0008881988662340357,0.0,7000,3000,evaluated_proxy
